package,start,finish
bodytrack,2022-07-01 17:13:20,2022-07-01 17:14:18
canneal,2022-07-01 17:15:18,2022-07-01 17:16:54
dedup,2022-07-01 17:17:54,2022-07-01 17:18:34
facesim,2022-07-01 17:19:34,2022-07-01 17:21:36
ferret,2022-07-01 17:22:36,2022-07-01 17:24:17
fluidanimate,2022-07-01 17:25:17,2022-07-01 17:27:34
freqmine,2022-07-01 17:28:34,2022-07-01 17:30:38
streamcluster,2022-07-01 17:31:38,2022-07-01 17:34:44
swaptions,2022-07-01 17:35:44,2022-07-01 17:36:46
vips,2022-07-01 17:37:46,2022-07-01 17:38:29
x264,2022-07-01 17:39:29,2022-07-01 17:40:31
